게임코드	게임명	영역	학년	번호	성취기준코드	성취기준 원문	총문항수	제작일	최종수정	리모델링	모바일등급	앱스크립트	블로그	배포위치	옛 코드	비고
G101	동사·형용사 두더지 탭	문법	1	1	9국04-03	품사의 종류와 특성을 이해하고 국어 자료를 분석한다.	56	2026.06.03	2026.10.01 13:00	완료	M1	연동				시간제 3분·3단계(초·중·고) · 단어 56개(동사 28·형용사 28) · 생명 15 · 만점 없음 · 10/01: 무게·두께 tip -는다/-ㄴ다 판별, 잘못 탭 −10, 정답률에 놓침 포함, 끝내기 확인창, M1 유지(교사 결정)
G102	합성어·파생어 갤러그	문법	1	2	9국04-02	단어의 짜임을 분석하여 새말 형성의 원리를 이해한다.	112	2025.11.12	2026.10.01 13:00	완료	M3	연동				합성어 57·파생어 55 · 목표 유형 선택 × 3단계 · 시간·생명제라 고정 만점 없음 · 10/01: 도움 해설(ㅂ 불규칙), 잘못 맞춤 −10, 목표 밖 유형 진단 제외, 유형 tip 어근 기준 '실질적인 뜻'
G103	품사 메모리 게임	문법	1	3	9국04-03	품사의 종류와 특성을 이해하고 국어 자료를 분석한다.	36	2026.06.26	2026.10.01 13:00	완료	M1	연동				단계별 9/9/18쌍 · 150/150/330점 (합계 630점) · 10/01: 수사 카드 다섯→넷, 총평 기준 5-2 표, 끝내기 확인창
G104	단어의 짜임 컵스	문법	1	4	9국04-02	단어의 짜임을 분석하여 새말 형성의 원리를 이해한다.	62	2025.09.05	2026.10.01 13:00	완료	M1	연동				단계별 10/12/12/16/12문항 · 170/210/210/290/210점 (합계 1090점) · 옛 이름 형태소 컵스 · 10/01: 어근 슬라이드 둘째 줄 삭제, 합성어 tip·힌트 '실질적인 뜻' 기준, 전 단계 재시도 배너, 채점 전 → 키 막음, 제작일 2025.09.05 확정
G105	품사 스도쿠	문법	1	5	9국04-03	품사의 종류와 특성을 이해하고 국어 자료를 분석한다.	133	2026.06.08	2026.10.01 19:00	완료	M2	연동				Part1(5×5) 빈칸 9/13/16 + Part2(9×9) 빈칸 18/32/45 (합계 133칸, 위치만 무작위) · 정답 +10·오답 −5·콤보·시간 보너스라 만점은 판마다 계산 · 10/01: 맞힌 칸 잠금(점수 1회), 시간 보너스 1회, PART2 '형태·기능·의미에 따른', 관형사 예 새→헌
G201	단모음 갤러그	문법	2	1	9국04-01	국어의 음운 체계와 문자 체계를 이해하고 국어생활에 활용한다.	가변	2026.08.13	2026.10.01 13:00	완료	M3	연동				60초 무작위 · 목표:비목표 50:50 · 속도 3단계 × 목표 7개 · 만점은 판마다 나온 목표 모음 수로 계산 · 10/01: 정답률에서 그냥 통과 제외, 잘못 격추 −10, ㅚ·ㅟ 이중 모음 발음 허용 안내, 끝내기 확인창
G202	자음 체계 구분하기	문법	2	2	9국04-01	국어의 음운 체계와 문자 체계를 이해하고 국어생활에 활용한다.	71	2026.08.13	2026.10.01 13:00	완료	M2	연동				단계별 19/19/19/14문항 · 350/350/350/250점 (합계 1300점) · 10/01: 세기 단계 ㅎ 제외(15→14문항), 비음(콧소리)·유음(흐름소리) 병기, 초성 ㅇ 안내, 오답 조사 받침 처리
G203	음운체계 메모리게임	문법	2	3	(2022) 9국04-01 / (2015) 9국04-02	(2022) 국어의 음운 체계와 문자 체계를 이해하고 국어생활에 활용한다. / (2015) 음운의 체계를 알고 그 특성을 이해한다.	19	2025.11.06	2026.10.01 13:00	완료	M2	연동				카드 38장(자음 19·위치 19) · 만점 350점 · 감점 없음 · 10/01: 짝 맞춤 한 줄 설명, 격려 문구 5-2 기준, wrongItems 원본 id, 2015 [9국04-02] 병기
G204	피동 표현 마스터	문법	2	4	9국04-05	피동 표현과 인용 표현의 의도와 효과를 분석하고 상황에 맞게 활용한다.	36	2026.04.01	2026.10.01 13:00	완료	M1	연동				단계별 18/18문항 · 330/330점 (합계 660점) · 10/01: 피동 정의 교과서 문구, 어간 끝소리 설명 삭제(해설 36개), 20번 피동문 교체, tip에 '소리 내 읽어 보기'
G205	잘못된 피동 표현 맞히기	문법	2	5	9국04-05	피동 표현과 인용 표현의 의도와 효과를 분석하고 상황에 맞게 활용한다.	68	2026.04.14	2026.10.01 13:00	완료	M3	연동				잘못된 표현 40(접미사 20·-되다 20)+올바른 표현 28 · 초급/고급 2단계 · 목숨 20 · 만점은 판마다 계산 · 10/01: 맞추기→맞히기, C19·C23 교체, 정답률 분모에 오발사, 오발사 −10, 끝내기 확인창
G207	단모음 구별 두더지 탭	문법	2	7	9국04-01	국어의 음운 체계와 문자 체계를 이해하고 국어생활에 활용한다.	10	2026.08.13	2026.10.01 13:00	완료	M1	연동				단모음 10개 · 시간제 3분·3단계(초·중·고) · 목표 7개 · 생명 15 · 만점 없음 · 10/01: 잘못 탭 −10, ㅚ·ㅟ 이중 모음 발음 허용 안내, 끝내기 확인창
G209	한글 창제 원리 컵스	문법	2	9	(2015) 9국04-06 / (2022) 9국04-01	(2015) 한글의 창제 원리를 이해한다. / (2022) 국어의 음운 체계와 문자 체계를 이해하고 국어생활에 활용한다.	81	2026.08.23	2026.10.01 13:00	완료	M1	연동		구글 클래스룸·QR		단계별 28/14/17/22문항 · 530/250/310/410점 (합계 1500점) · 옛 이름 "한글 창제원리 컵스" · 10/01: 가획자 문항 '어느 기본자에 획을 더했나'로, ㄹ 문항도 같은 형식(이체자), 이체자·판정법 교과서 문구, 목청소리 병기, ㅿ 반치음, 채점 전 키 막음
G210	한글의 비밀 열쇠	문법	2	10	(2015) 9국04-08 / (2022) 9국04-01	(2015) 한글의 창제 원리를 이해한다. / (2022) 국어의 음운 체계와 문자 체계를 이해하고 국어생활에 활용한다.	120	2026.08.31	2026.10.01 07:10	완료	M2	연동				단계별 13/27/36/26/18문항 · 230/510/690/490/330점 (합계 2250점) · 10/01: 이체자 설명 교과서 문구, 목청소리 병기, 풀어쓰기 비교에서 일본어 삭제, 채점 전 Enter 잠김 버그
G211	훈민정음 제자 원리 익히기	문법	2	11	(2015) 9국04-08 / (2022) 9국04-01	(2015) 한글의 창제 원리를 이해한다. / (2022) 국어의 음운 체계와 문자 체계를 이해하고 국어생활에 활용한다.	72	2026.09.10	2026.10.01 13:00	완료	M2	연동				단계별 17/8/11/22/14문항 · 310/130/190/410/250점 (합계 1290점) · 10/01: 이체자 설명 교과서 문구, 판정법 '획을 더해 소리가 세졌는가', 목청소리 병기, 휴대폰 폭 5단계 넘침 수정
G212	음운 체계 익히기	문법	2	12	(2022) 9국04-01 / (2015) 9국04-02	(2022) 국어의 음운 체계와 문자 체계를 이해하고 국어생활에 활용한다. / (2015) 음운의 체계를 알고 그 특성을 이해한다.	51	2026.07.29	2026.10.01 11:52	완료	M2	연동				단계별 카드 10/9/19장 + 4단계 13문제 · 4단계만 점수 230점 (1~3단계는 맞을 때까지 배치) · 10/01: 초기판(React) → 순수 HTML 재제작, 초성 ㅇ 설명, ㅎ 세기 제외, 교과서 용어, '1음절 글자'
G301	문장성분 게임	문법	3	1	9국04-04	문장의 짜임을 이해하고 표현 효과를 고려하여 문장을 구성한다.	45	2025.10.30	2026.10.01 19:00	완료	M2	연동				3단계×15문항 · 단계별 만점 150점 (합계 450점) · 1회 +10·2회 +5·3회째 0 · 10/01: 45문항 기준표 재점검, 41번 오타, 첫 시도 정답만 정답률, 건너뛴 문항=미응답
G302	문장 성분 스도쿠	문법	3	2	(2015) 9국04-06 / (2022) 9국04-04	(2015) 문장의 짜임과 양상을 탐구하고 활용한다. / (2022) 문장의 짜임을 이해하고 표현 효과를 고려하여 문장을 구성한다.	64	2026.09.25	2026.10.01 08:55	완료	M2	연동				단계별 빈칸 12/22/30 · 만점은 판마다 계산(빈칸 배치에 따라 다름) · G105 품사 스도쿠 구조를 바탕으로 새로 만듦 · 10/01: 단계 이동 확인창, 틀린 칸 wrongItems 전송
L202	조건 사냥꾼	문학	2	2	9국05-05	작품에 반영된 사회·문화적 상황을 이해하며 작품을 감상한다.	13	2026.09.24	2026.10.01 17:00	완료	M2	연동			L201	단계별 8문항/3세트/2세트 · 40/30/30점 (기본 100 + 1단계 연속 보너스 50 = 만점 150점) · 「사랑손님과 어머니」 서논술형 조건 연습 · 10/01: 코드 L201→L202, 발표 1935년, 관습(시선) 원인 수정, 3단계 채점 오인 수정
L301	문학 비평, 네 개의 눈	문학	3	1	9국05-08	근거를 바탕으로 작품을 해석하고, 다른 해석들과 비교하여 자신의 해석을 평가한다.	66	2026.06.15	2026.10.01 15:00	완료	M2	연동				단계별 12/30/24문항 · 210/570/450점 (합계 1230점) · 10/01: 반영론 설명 통일, 해설-지문 불일치 수정, 원작 사실 맞춤(B9·B30·H10 등)
L302	꺼삐딴 리 정리 퍼즐	문학	3	2	(2022) 9국05-05	작품에 반영된 사회·문화적 상황을 이해하며 작품을 감상한다.	12	2026.05.31	2026.10.01 11:50	완료	M2	연동				12문항(시대 6·인물 4·제목·주제 2) · 만점 240점(숨은 메시지 보너스 30 포함) · 10/01: 쉬움 모드 틀린 선택 오답 기록, 다시 하기 처리기 중복·드래그 버그 수정
L303	꺼삐딴 리 빈칸 채우기	문학	3	3	(2015) 9국05-06	작품에 반영된 사회·문화적 상황을 파악하며 작품을 감상한다.	129	2026.09.16	2026.10.01 15:00	완료	M2	연동			L301	단계별 12장면 빈칸 102개 / 4장면 빈칸 27개 · 2010/510점 (합계 2520점) · 10/01: 코드 L301→L303, 조사 떼기 오판 예외, 스텐코프 시기 수정
R201	논증의 오류 구분하기	읽기	2	1	(2022) 9국02-05	글에 사용된 다양한 설명 방법과 논증 방법을 파악하고, 그 타당성을 평가하며 읽는다.	78	2026.06.09	2026.10.01 15:00	완료	M1	연동				단계별 26/26/26문항 · 각 490점 (합계 1470점) · 오류 9유형 · 10/01: 1단계 2·21번, 2단계 26번, 3단계 4·14번 예문을 한 가지 오류만 드러나게
R202	논증방법 컵스	읽기	2	2	9국02-05	글에 사용된 다양한 설명 방법과 논증 방법을 파악하고, 그 타당성을 평가하며 읽는다.	49	2026.05.20	2026.10.01 15:00	완료	M1	연동				단계별 12/25/12문항 · 210/470/210점 (합계 890점) · 10/01: 귀납 사례 2개 문항 4개를 3개 이상으로, 귀납 tip, 2단계 2번 숨은 전제 보충
R203	논증의 요소 탐험	읽기	2	3	9국02-05	글에 사용된 다양한 설명 방법과 논증 방법을 파악하고, 그 타당성을 평가하며 읽는다.	90	2026.06.17	2026.10.01 15:00	완료	M1	연동				단계별 10/50/30문항 · 170/970/570점 (합계 1710점) · 10/01: 재도전 후 같은 문항 점수 중복 방지
R301	설(說) 유추 구조 찾기	읽기	3	1	9국02-05 / 9국02-06	글에 사용된 다양한 설명 방법과 논증 방법을 파악하고, 그 타당성을 평가하며 읽는다. / 동일한 화제를 다룬 여러 글이나 자료를 주제 통합적으로 읽는다.	28	2026.07.15	2026.10.01 15:00	완료	M2	연동		없음		분류 22문항 + 개념 6문항 · 530점 만점 · 고전 수필 6편(차마설·괴토실설·주옹설·경설·슬견설·이옥설) · 10/01: 경설·차마설 원문대로, 이옥설 정리, 퀴즈 23·25·27 해설, '교훈'→'깨달음', g2·j1 원래 분류 유지
W201	복합양식 자료 정비소	쓰기	2	1	9국03-07	복합양식 자료를 활용하여 내용을 생성하고 글의 유형을 고려하여 내용을 조직하며 글을 쓴다.	20	2026.07.23	2026.10.01 15:00	완료	M2	연동				단계별 10/10문항 · 170/170점 (합계 340점) · 10/01: CC0 보기 문구, 2단계 3번 기사문 개요(표제·부제·전문·본문), 배치 팁 · 코드 W201 유지(서논술형은 W401로 분리)
W202	설명문 '처음' 조립 게임	쓰기	2	2	9국03-01 / 9국03-08	대상의 특성에 적합한 설명 방법을 활용하여 글을 쓴다. / 쓰기 과정과 전략을 점검·조정하며 글을 쓰고, 독자를 고려하여 글을 고쳐 쓴다.	11	2026.06.18	2026.10.01 17:00	완료	M2	연동				단계별 5/6주제 · 95/120점 (합계 215점) · 모드 3종(순서·역할·통합) 공용 · 10/01: 심화 '스트레스' 문장 역할·배경 문장 교체, 채점 전 → 키 막음
W203	고쳐쓰기의 원리	쓰기	2	3	9국03-08	쓰기 과정과 전략을 점검·조정하며 글을 쓰고, 독자를 고려하여 글을 고쳐 쓴다.	28	2026.06.16	2026.10.01 17:00	완료	M2	연동				단계별 16/12문항 · 290/210점 (합계 500점) · 10/01: 기본 3·16번 문항 수정, 재구성 정의 통일(교사 결정)
W301	쓰기 윤리 수사대	쓰기	3	1	(2015) 9국03-10 / (2015) 9국03-03	쓰기 윤리를 지키며 글을 쓰는 태도를 지닌다. / 관찰, 조사, 실험의 절차와 결과가 드러나게 글을 쓴다.	28	2026.09.15	2026.10.01 17:00	완료	M1	연동				단계별 16/12문항 · 370/270점 (합계 640점) · 10/01: 짜깁기·출처 누락 정의(교사 결정), 유형명 '출처 누락', 자기 표절 안내, 1단계 #3·#11·#16 상황 수정
W401	서논술형 답안 정비소	쓰기	4	1			9	2026.09.27	2026.10.01 17:00	완료	M2	연동			W201	학년 구분 없음(학년 칸 4 = 구분없음) · 단계별 5/4문제 · 75/100점 (기본 175 + 진단 연속 보너스 6 = 만점 181점) · 고쳐 쓰기 무제한·빈칸 채우기 모드 절반 점수 · 10/01: 코드 W201→W401, 문장 단위 채점(부정 표현·낱말 나열 불인정), 동의어 보강
S201	말의 온도를 바꿔라	말하기듣기	2	1	(2022) 9국01-04 / (2022) 9국01-09	상대의 말을 경청하고 상대의 감정과 입장에 공감하는 반응을 보이며 대화한다. / 서로의 감정이나 바라는 바를 진솔하게 표현하면서 갈등을 조정한다.	15	2026.09.02	2026.10.01 17:00	완료	M2	연동			CON01	단계별 6/4/5문항 · 60/120/250점 (기본 430 + 연속 정답 보너스 120 = 만점 550점) · 서술 25칸 · 재도전 70% · 감점 없음 · 성취기준 01-04는 교과서 단원, 01-09는 게임 내용 · 10/01: 진단 대사 '게임 설정' 표시, 교란 카드 5유형, 서술 채점 오인 수정
S202	발표의 달인	말하기듣기	2	2	9국01-06	다양한 자료를 재구성하여 내용을 체계적으로 조직하고 청중이 이해하기 쉽게 발표한다.	40	2026.07.21	2026.10.01 15:00	완료	M2	연동				단계별 11/19/10문항 · 190/350/170점 (합계 710점) · 10/01: 2단계 #40(쉼) 추가 18→19문항, #17 시선만 판정, '목소리를 크게' 통일, 채점 전 키 막음
S203	발표 자료 정비소	말하기듣기	2	3	9국01-06	다양한 자료를 재구성하여 내용을 체계적으로 조직하고 청중이 이해하기 쉽게 발표한다.	27	2026.06.11	2026.10.01 17:00	완료	M2	연동				자료 2종(반려 식물 14·미세 먼지 13문항) × 살펴보기·재구성 · 250/230점 · 10/01: 도표=표로 통일(교사 결정), 미세 먼지 #5 보기, wrongItems 범위
S301	연설문 설득 전략 마스터	말하기듣기	3	1	(2015) 9국01-09	설득 전략을 비판적으로 분석하며 듣는다.	39	2026.07.16	2026.10.01 15:00	완료	M2	연동			R301	단계별 10/10/9/10문항 · 170/170/150/170점 (합계 660점) · 10/01: 킹 연설 해설문을 채점에서 빼고 '연설 배경'으로(#21 삭제, 3단계 10→9), #25 해설 근거, 채점 전 → 키 막음
